{
    "accuracy": 0.973,
    "precision": 0.9642857142857143,
    "recall": 0.9254032258064516,
    "auc": 0.9976226031657516
}